{"cameraMode":{"drawMode":0,"name":"Shaded","section":"Shading Mode"},"sceneLighting":true,"audioPlay":false,"sceneViewState":{"showFog":true,"showMaterialUpdate":false,"showSkybox":true,"showFlares":true,"showImageEffects":true,"showParticleSystems":true},"in2DMode":false,"pivot":{"x":-0.3540087938308716,"y":0.23070821166038514,"z":9.071474075317383},"rotation":{"x":0.17489619553089143,"y":-0.5154227614402771,"z":0.10854537785053253,"w":0.8319255113601685},"size":4.041658401489258,"orthographic":false}