{"cameraMode":{"drawMode":0,"name":"Shaded","section":"Shading Mode"},"sceneLighting":false,"audioPlay":false,"sceneViewState":{"showFog":true,"showMaterialUpdate":false,"showSkybox":true,"showFlares":true,"showImageEffects":true,"showParticleSystems":true},"in2DMode":false,"pivot":{"x":10.251422882080079,"y":-12.982574462890625,"z":31.952356338500978},"rotation":{"x":-0.2134745717048645,"y":-0.10327601432800293,"z":0.022686822339892389,"w":-0.9714490175247192},"size":70.00360107421875,"orthographic":false}