{"cameraMode":{"drawMode":0,"name":"Shaded","section":"Shading Mode"},"sceneLighting":true,"audioPlay":false,"sceneViewState":{"showFog":true,"showMaterialUpdate":false,"showSkybox":true,"showFlares":true,"showImageEffects":true,"showParticleSystems":true},"in2DMode":false,"pivot":{"x":-12.808137893676758,"y":14.85092544555664,"z":12.157736778259278},"rotation":{"x":-0.22517725825309754,"y":-0.5149322748184204,"z":0.1405162513256073,"w":-0.8157299757003784},"size":36.722049713134769,"orthographic":false}