{"cameraMode":{"drawMode":0,"name":"Shaded","section":"Shading Mode"},"sceneLighting":true,"audioPlay":false,"sceneViewState":{"showFog":true,"showMaterialUpdate":false,"showSkybox":true,"showFlares":true,"showImageEffects":true,"showParticleSystems":true},"in2DMode":false,"pivot":{"x":23.193639755249025,"y":3.9142045974731447,"z":20.731487274169923},"rotation":{"x":-0.15570785105228425,"y":0.6975132822990418,"z":-0.16034147143363954,"w":-0.6815173029899597},"size":41.629661560058597,"orthographic":false}