{"cameraMode":{"drawMode":0,"name":"Shaded","section":"Shading Mode"},"sceneLighting":true,"audioPlay":false,"sceneViewState":{"showFog":true,"showMaterialUpdate":false,"showSkybox":true,"showFlares":true,"showImageEffects":true,"showParticleSystems":true},"in2DMode":false,"pivot":{"x":-4.377746105194092,"y":-8.973395347595215,"z":-36.91183853149414},"rotation":{"x":-0.3473289906978607,"y":-0.10617184638977051,"z":0.03930922970175743,"w":-0.9311278462409973},"size":52.177581787109378,"orthographic":false}