{"cameraMode":{"drawMode":0,"name":"Shaded","section":"Shading Mode"},"sceneLighting":false,"audioPlay":false,"sceneViewState":{"showFog":true,"showMaterialUpdate":false,"showSkybox":false,"showFlares":true,"showImageEffects":true,"showParticleSystems":true},"in2DMode":false,"pivot":{"x":0.07874870300292969,"y":0.14002442359924317,"z":0.390999972820282},"rotation":{"x":-0.3473289906978607,"y":-0.10617184638977051,"z":0.03930922970175743,"w":-0.9311278462409973},"size":5.251575469970703,"orthographic":false}