{"cameraMode":{"drawMode":0,"name":"Shaded","section":"Shading Mode"},"sceneLighting":false,"audioPlay":false,"sceneViewState":{"showFog":true,"showMaterialUpdate":false,"showSkybox":true,"showFlares":true,"showImageEffects":true,"showParticleSystems":true},"in2DMode":false,"pivot":{"x":-2.065175771713257,"y":1.693269968032837,"z":1.9836740493774415},"rotation":{"x":0.07119417935609818,"y":0.7884290814399719,"z":-0.09290000796318054,"w":0.6039364337921143},"size":14.860950469970704,"orthographic":false}