{"cameraMode":{"drawMode":0,"name":"Shaded","section":"Shading Mode"},"sceneLighting":false,"audioPlay":false,"sceneViewState":{"showFog":true,"showMaterialUpdate":false,"showSkybox":false,"showFlares":true,"showImageEffects":true,"showParticleSystems":true},"in2DMode":false,"pivot":{"x":11.190418243408204,"y":-14.60554313659668,"z":13.04361343383789},"rotation":{"x":-0.24220776557922364,"y":-0.23443369567394257,"z":0.060504741966724399,"w":-0.9395756721496582},"size":50.20990753173828,"orthographic":false}