{"cameraMode":{"drawMode":0,"name":"Shaded","section":"Shading Mode"},"sceneLighting":false,"audioPlay":false,"sceneViewState":{"showFog":true,"showMaterialUpdate":false,"showSkybox":false,"showFlares":true,"showImageEffects":true,"showParticleSystems":true},"in2DMode":false,"pivot":{"x":-0.0000019073486328125,"y":1.5,"z":0.0000019073486328125},"rotation":{"x":0.3427099883556366,"y":-0.5181199908256531,"z":0.2377644032239914,"w":0.7468387484550476},"size":70.488037109375,"orthographic":false}