{"cameraMode":{"drawMode":0,"name":"Shaded","section":"Shading Mode"},"sceneLighting":false,"audioPlay":false,"sceneViewState":{"showFog":true,"showMaterialUpdate":false,"showSkybox":false,"showFlares":true,"showImageEffects":true,"showParticleSystems":true},"in2DMode":false,"pivot":{"x":0.20999997854232789,"y":-0.13999998569488526,"z":5.139999866485596},"rotation":{"x":0.24776284396648408,"y":-0.30243369936943056,"z":0.08135376125574112,"w":0.9172425866127014},"size":2.8578836917877199,"orthographic":false}