{"cameraMode":{"drawMode":0,"name":"Shaded","section":"Shading Mode"},"sceneLighting":false,"audioPlay":false,"sceneViewState":{"showFog":true,"showMaterialUpdate":false,"showSkybox":true,"showFlares":true,"showImageEffects":true,"showParticleSystems":true},"in2DMode":false,"pivot":{"x":13.983747482299805,"y":8.67729377746582,"z":60.76279830932617},"rotation":{"x":-0.07060939073562622,"y":0.9015036821365356,"z":-0.16504354774951936,"w":-0.3961707055568695},"size":0.15285798907279969,"orthographic":false}