{"cameraMode":{"drawMode":0,"name":"Shaded","section":"Shading Mode"},"sceneLighting":false,"audioPlay":false,"sceneViewState":{"showFog":true,"showMaterialUpdate":false,"showSkybox":true,"showFlares":true,"showImageEffects":true,"showParticleSystems":true},"in2DMode":false,"pivot":{"x":3.041801691055298,"y":6.684901714324951,"z":-10.573094367980957},"rotation":{"x":0.18005973100662232,"y":-0.05175943672657013,"z":0.009449824690818787,"w":0.9826860427856445},"size":9.172479629516602,"orthographic":false}