{"cameraMode":{"drawMode":0,"name":"Shaded","section":"Shading Mode"},"sceneLighting":false,"audioPlay":false,"sceneViewState":{"showFog":true,"showMaterialUpdate":false,"showSkybox":true,"showFlares":true,"showImageEffects":true,"showParticleSystems":true},"in2DMode":false,"pivot":{"x":-24.41355323791504,"y":12.457816123962403,"z":-35.626399993896487},"rotation":{"x":0.44746455550193789,"y":0.1304991990327835,"z":-0.0665653720498085,"w":0.8827174305915833},"size":24.0062255859375,"orthographic":false}