{"cameraMode":{"drawMode":0,"name":"Shaded","section":"Shading Mode"},"sceneLighting":false,"audioPlay":false,"sceneViewState":{"showFog":true,"showMaterialUpdate":false,"showSkybox":false,"showFlares":true,"showImageEffects":true,"showParticleSystems":true},"in2DMode":false,"pivot":{"x":-29.865198135375978,"y":-15.616680145263672,"z":-6.319995880126953},"rotation":{"x":0.12496369332075119,"y":-0.7961297631263733,"z":0.1757022887468338,"w":0.5661743879318237},"size":47.65854263305664,"orthographic":false}