{"cameraMode":{"drawMode":0,"name":"Shaded","section":"Shading Mode"},"sceneLighting":false,"audioPlay":false,"sceneViewState":{"showFog":true,"showMaterialUpdate":false,"showSkybox":true,"showFlares":true,"showImageEffects":true,"showParticleSystems":true},"in2DMode":false,"pivot":{"x":0.6444100737571716,"y":-3.8524839878082277,"z":-16.01704216003418},"rotation":{"x":-0.000715803646016866,"y":0.9966975450515747,"z":-0.08604873716831207,"w":-0.008642357774078846},"size":24.0062255859375,"orthographic":false}