{"cameraMode":{"drawMode":0,"name":"Shaded","section":"Shading Mode"},"sceneLighting":false,"audioPlay":false,"sceneViewState":{"showFog":true,"showMaterialUpdate":false,"showSkybox":true,"showFlares":true,"showImageEffects":true,"showParticleSystems":true},"in2DMode":false,"pivot":{"x":-4.180211067199707,"y":-3.7417571544647219,"z":8.700577735900879},"rotation":{"x":0.22500434517860413,"y":-0.23320169746875764,"z":0.055253785103559497,"w":0.9448439478874207},"size":32.38658142089844,"orthographic":false}