{"cameraMode":{"drawMode":0,"name":"Shaded","section":"Shading Mode"},"sceneLighting":false,"audioPlay":false,"sceneViewState":{"showFog":true,"showMaterialUpdate":false,"showSkybox":false,"showFlares":true,"showImageEffects":true,"showParticleSystems":true},"in2DMode":false,"pivot":{"x":14.97606372833252,"y":4.2505717277526859,"z":-1.1102256774902344},"rotation":{"x":0.11641307175159455,"y":-0.767290472984314,"z":0.14533297717571259,"w":0.6143737435340881},"size":2.8578836917877199,"orthographic":false}