{"cameraMode":{"drawMode":0,"name":"Shaded","section":"Shading Mode"},"sceneLighting":false,"audioPlay":false,"sceneViewState":{"showFog":true,"showMaterialUpdate":false,"showSkybox":false,"showFlares":true,"showImageEffects":true,"showParticleSystems":true},"in2DMode":false,"pivot":{"x":-15.387916564941407,"y":-11.117314338684082,"z":0.6357479691505432},"rotation":{"x":0.2160612940788269,"y":-0.6643437743186951,"z":0.2104177623987198,"w":0.6841257214546204},"size":22.0,"orthographic":false}