{"cameraMode":{"drawMode":0,"name":"Shaded","section":"Shading Mode"},"sceneLighting":true,"audioPlay":false,"sceneViewState":{"showFog":true,"showMaterialUpdate":false,"showSkybox":true,"showFlares":true,"showImageEffects":true,"showParticleSystems":true},"in2DMode":false,"pivot":{"x":-2.5805020332336427,"y":9.70708179473877,"z":-3.3987410068511965},"rotation":{"x":-0.5979100465774536,"y":0.004573317710310221,"z":-0.00376351666636765,"w":-0.8017035722732544},"size":13.583382606506348,"orthographic":false}